filename,directory
000002.json,C:\Users\crisz\Desktop\Prod-Thesis\DeepFashion2\train\image\000002.jpg
000040.json,C:\Users\crisz\Desktop\Prod-Thesis\DeepFashion2\train\image\000040.jpg
000041.json,C:\Users\crisz\Desktop\Prod-Thesis\DeepFashion2\train\image\000041.jpg
000042.json,C:\Users\crisz\Desktop\Prod-Thesis\DeepFashion2\train\image\000042.jpg
000043.json,C:\Users\crisz\Desktop\Prod-Thesis\DeepFashion2\train\image\000043.jpg
000044.json,C:\Users\crisz\Desktop\Prod-Thesis\DeepFashion2\train\image\000044.jpg
000045.json,C:\Users\crisz\Desktop\Prod-Thesis\DeepFashion2\train\image\000045.jpg
000046.json,C:\Users\crisz\Desktop\Prod-Thesis\DeepFashion2\train\image\000046.jpg
000047.json,C:\Users\crisz\Desktop\Prod-Thesis\DeepFashion2\train\image\000047.jpg
000049.json,C:\Users\crisz\Desktop\Prod-Thesis\DeepFashion2\train\image\000049.jpg
000052.json,C:\Users\crisz\Desktop\Prod-Thesis\DeepFashion2\train\image\000052.jpg
000053.json,C:\Users\crisz\Desktop\Prod-Thesis\DeepFashion2\train\image\000053.jpg
000054.json,C:\Users\crisz\Desktop\Prod-Thesis\DeepFashion2\train\image\000054.jpg
000055.json,C:\Users\crisz\Desktop\Prod-Thesis\DeepFashion2\train\image\000055.jpg
000056.json,C:\Users\crisz\Desktop\Prod-Thesis\DeepFashion2\train\image\000056.jpg
000057.json,C:\Users\crisz\Desktop\Prod-Thesis\DeepFashion2\train\image\000057.jpg
000058.json,C:\Users\crisz\Desktop\Prod-Thesis\DeepFashion2\train\image\000058.jpg
000059.json,C:\Users\crisz\Desktop\Prod-Thesis\DeepFashion2\train\image\000059.jpg
000061.json,C:\Users\crisz\Desktop\Prod-Thesis\DeepFashion2\train\image\000061.jpg
000062.json,C:\Users\crisz\Desktop\Prod-Thesis\DeepFashion2\train\image\000062.jpg
000069.json,C:\Users\crisz\Desktop\Prod-Thesis\DeepFashion2\train\image\000069.jpg
000083.json,C:\Users\crisz\Desktop\Prod-Thesis\DeepFashion2\train\image\000083.jpg
000101.json,C:\Users\crisz\Desktop\Prod-Thesis\DeepFashion2\train\image\000101.jpg
000102.json,C:\Users\crisz\Desktop\Prod-Thesis\DeepFashion2\train\image\000102.jpg
000106.json,C:\Users\crisz\Desktop\Prod-Thesis\DeepFashion2\train\image\000106.jpg
000107.json,C:\Users\crisz\Desktop\Prod-Thesis\DeepFashion2\train\image\000107.jpg
000108.json,C:\Users\crisz\Desktop\Prod-Thesis\DeepFashion2\train\image\000108.jpg
000110.json,C:\Users\crisz\Desktop\Prod-Thesis\DeepFashion2\train\image\000110.jpg
000127.json,C:\Users\crisz\Desktop\Prod-Thesis\DeepFashion2\train\image\000127.jpg
000194.json,C:\Users\crisz\Desktop\Prod-Thesis\DeepFashion2\train\image\000194.jpg
000195.json,C:\Users\crisz\Desktop\Prod-Thesis\DeepFashion2\train\image\000195.jpg
000196.json,C:\Users\crisz\Desktop\Prod-Thesis\DeepFashion2\train\image\000196.jpg
000198.json,C:\Users\crisz\Desktop\Prod-Thesis\DeepFashion2\train\image\000198.jpg
000200.json,C:\Users\crisz\Desktop\Prod-Thesis\DeepFashion2\train\image\000200.jpg
000201.json,C:\Users\crisz\Desktop\Prod-Thesis\DeepFashion2\train\image\000201.jpg
000202.json,C:\Users\crisz\Desktop\Prod-Thesis\DeepFashion2\train\image\000202.jpg
000206.json,C:\Users\crisz\Desktop\Prod-Thesis\DeepFashion2\train\image\000206.jpg
000207.json,C:\Users\crisz\Desktop\Prod-Thesis\DeepFashion2\train\image\000207.jpg
000208.json,C:\Users\crisz\Desktop\Prod-Thesis\DeepFashion2\train\image\000208.jpg
000209.json,C:\Users\crisz\Desktop\Prod-Thesis\DeepFashion2\train\image\000209.jpg
000210.json,C:\Users\crisz\Desktop\Prod-Thesis\DeepFashion2\train\image\000210.jpg
000211.json,C:\Users\crisz\Desktop\Prod-Thesis\DeepFashion2\train\image\000211.jpg
000212.json,C:\Users\crisz\Desktop\Prod-Thesis\DeepFashion2\train\image\000212.jpg
000213.json,C:\Users\crisz\Desktop\Prod-Thesis\DeepFashion2\train\image\000213.jpg
000214.json,C:\Users\crisz\Desktop\Prod-Thesis\DeepFashion2\train\image\000214.jpg
000215.json,C:\Users\crisz\Desktop\Prod-Thesis\DeepFashion2\train\image\000215.jpg
000308.json,C:\Users\crisz\Desktop\Prod-Thesis\DeepFashion2\train\image\000308.jpg
000312.json,C:\Users\crisz\Desktop\Prod-Thesis\DeepFashion2\train\image\000312.jpg
000357.json,C:\Users\crisz\Desktop\Prod-Thesis\DeepFashion2\train\image\000357.jpg
000359.json,C:\Users\crisz\Desktop\Prod-Thesis\DeepFashion2\train\image\000359.jpg
000361.json,C:\Users\crisz\Desktop\Prod-Thesis\DeepFashion2\train\image\000361.jpg
000363.json,C:\Users\crisz\Desktop\Prod-Thesis\DeepFashion2\train\image\000363.jpg
000364.json,C:\Users\crisz\Desktop\Prod-Thesis\DeepFashion2\train\image\000364.jpg
000365.json,C:\Users\crisz\Desktop\Prod-Thesis\DeepFashion2\train\image\000365.jpg
000367.json,C:\Users\crisz\Desktop\Prod-Thesis\DeepFashion2\train\image\000367.jpg
000370.json,C:\Users\crisz\Desktop\Prod-Thesis\DeepFashion2\train\image\000370.jpg
000371.json,C:\Users\crisz\Desktop\Prod-Thesis\DeepFashion2\train\image\000371.jpg
000372.json,C:\Users\crisz\Desktop\Prod-Thesis\DeepFashion2\train\image\000372.jpg
000373.json,C:\Users\crisz\Desktop\Prod-Thesis\DeepFashion2\train\image\000373.jpg
000374.json,C:\Users\crisz\Desktop\Prod-Thesis\DeepFashion2\train\image\000374.jpg
000375.json,C:\Users\crisz\Desktop\Prod-Thesis\DeepFashion2\train\image\000375.jpg
000376.json,C:\Users\crisz\Desktop\Prod-Thesis\DeepFashion2\train\image\000376.jpg
000378.json,C:\Users\crisz\Desktop\Prod-Thesis\DeepFashion2\train\image\000378.jpg
000379.json,C:\Users\crisz\Desktop\Prod-Thesis\DeepFashion2\train\image\000379.jpg
000380.json,C:\Users\crisz\Desktop\Prod-Thesis\DeepFashion2\train\image\000380.jpg
000381.json,C:\Users\crisz\Desktop\Prod-Thesis\DeepFashion2\train\image\000381.jpg
000383.json,C:\Users\crisz\Desktop\Prod-Thesis\DeepFashion2\train\image\000383.jpg
000387.json,C:\Users\crisz\Desktop\Prod-Thesis\DeepFashion2\train\image\000387.jpg
000388.json,C:\Users\crisz\Desktop\Prod-Thesis\DeepFashion2\train\image\000388.jpg
000389.json,C:\Users\crisz\Desktop\Prod-Thesis\DeepFashion2\train\image\000389.jpg
000390.json,C:\Users\crisz\Desktop\Prod-Thesis\DeepFashion2\train\image\000390.jpg
000391.json,C:\Users\crisz\Desktop\Prod-Thesis\DeepFashion2\train\image\000391.jpg
000392.json,C:\Users\crisz\Desktop\Prod-Thesis\DeepFashion2\train\image\000392.jpg
000411.json,C:\Users\crisz\Desktop\Prod-Thesis\DeepFashion2\train\image\000411.jpg
000426.json,C:\Users\crisz\Desktop\Prod-Thesis\DeepFashion2\train\image\000426.jpg
000427.json,C:\Users\crisz\Desktop\Prod-Thesis\DeepFashion2\train\image\000427.jpg
000428.json,C:\Users\crisz\Desktop\Prod-Thesis\DeepFashion2\train\image\000428.jpg
000431.json,C:\Users\crisz\Desktop\Prod-Thesis\DeepFashion2\train\image\000431.jpg
000432.json,C:\Users\crisz\Desktop\Prod-Thesis\DeepFashion2\train\image\000432.jpg
000435.json,C:\Users\crisz\Desktop\Prod-Thesis\DeepFashion2\train\image\000435.jpg
000438.json,C:\Users\crisz\Desktop\Prod-Thesis\DeepFashion2\train\image\000438.jpg
000442.json,C:\Users\crisz\Desktop\Prod-Thesis\DeepFashion2\train\image\000442.jpg
000443.json,C:\Users\crisz\Desktop\Prod-Thesis\DeepFashion2\train\image\000443.jpg
000445.json,C:\Users\crisz\Desktop\Prod-Thesis\DeepFashion2\train\image\000445.jpg
000446.json,C:\Users\crisz\Desktop\Prod-Thesis\DeepFashion2\train\image\000446.jpg
000447.json,C:\Users\crisz\Desktop\Prod-Thesis\DeepFashion2\train\image\000447.jpg
000448.json,C:\Users\crisz\Desktop\Prod-Thesis\DeepFashion2\train\image\000448.jpg
000449.json,C:\Users\crisz\Desktop\Prod-Thesis\DeepFashion2\train\image\000449.jpg
000465.json,C:\Users\crisz\Desktop\Prod-Thesis\DeepFashion2\train\image\000465.jpg
000468.json,C:\Users\crisz\Desktop\Prod-Thesis\DeepFashion2\train\image\000468.jpg
000469.json,C:\Users\crisz\Desktop\Prod-Thesis\DeepFashion2\train\image\000469.jpg
000536.json,C:\Users\crisz\Desktop\Prod-Thesis\DeepFashion2\train\image\000536.jpg
000658.json,C:\Users\crisz\Desktop\Prod-Thesis\DeepFashion2\train\image\000658.jpg
000659.json,C:\Users\crisz\Desktop\Prod-Thesis\DeepFashion2\train\image\000659.jpg
000660.json,C:\Users\crisz\Desktop\Prod-Thesis\DeepFashion2\train\image\000660.jpg
000661.json,C:\Users\crisz\Desktop\Prod-Thesis\DeepFashion2\train\image\000661.jpg
000664.json,C:\Users\crisz\Desktop\Prod-Thesis\DeepFashion2\train\image\000664.jpg
000665.json,C:\Users\crisz\Desktop\Prod-Thesis\DeepFashion2\train\image\000665.jpg
000666.json,C:\Users\crisz\Desktop\Prod-Thesis\DeepFashion2\train\image\000666.jpg
000667.json,C:\Users\crisz\Desktop\Prod-Thesis\DeepFashion2\train\image\000667.jpg
000668.json,C:\Users\crisz\Desktop\Prod-Thesis\DeepFashion2\train\image\000668.jpg
000669.json,C:\Users\crisz\Desktop\Prod-Thesis\DeepFashion2\train\image\000669.jpg
000670.json,C:\Users\crisz\Desktop\Prod-Thesis\DeepFashion2\train\image\000670.jpg
000671.json,C:\Users\crisz\Desktop\Prod-Thesis\DeepFashion2\train\image\000671.jpg
000672.json,C:\Users\crisz\Desktop\Prod-Thesis\DeepFashion2\train\image\000672.jpg
000673.json,C:\Users\crisz\Desktop\Prod-Thesis\DeepFashion2\train\image\000673.jpg
000685.json,C:\Users\crisz\Desktop\Prod-Thesis\DeepFashion2\train\image\000685.jpg
000700.json,C:\Users\crisz\Desktop\Prod-Thesis\DeepFashion2\train\image\000700.jpg
000701.json,C:\Users\crisz\Desktop\Prod-Thesis\DeepFashion2\train\image\000701.jpg
000702.json,C:\Users\crisz\Desktop\Prod-Thesis\DeepFashion2\train\image\000702.jpg
000703.json,C:\Users\crisz\Desktop\Prod-Thesis\DeepFashion2\train\image\000703.jpg
000704.json,C:\Users\crisz\Desktop\Prod-Thesis\DeepFashion2\train\image\000704.jpg
000705.json,C:\Users\crisz\Desktop\Prod-Thesis\DeepFashion2\train\image\000705.jpg
000785.json,C:\Users\crisz\Desktop\Prod-Thesis\DeepFashion2\train\image\000785.jpg
000828.json,C:\Users\crisz\Desktop\Prod-Thesis\DeepFashion2\train\image\000828.jpg
000831.json,C:\Users\crisz\Desktop\Prod-Thesis\DeepFashion2\train\image\000831.jpg
000833.json,C:\Users\crisz\Desktop\Prod-Thesis\DeepFashion2\train\image\000833.jpg
000834.json,C:\Users\crisz\Desktop\Prod-Thesis\DeepFashion2\train\image\000834.jpg
000835.json,C:\Users\crisz\Desktop\Prod-Thesis\DeepFashion2\train\image\000835.jpg
000844.json,C:\Users\crisz\Desktop\Prod-Thesis\DeepFashion2\train\image\000844.jpg
000849.json,C:\Users\crisz\Desktop\Prod-Thesis\DeepFashion2\train\image\000849.jpg
000851.json,C:\Users\crisz\Desktop\Prod-Thesis\DeepFashion2\train\image\000851.jpg
000852.json,C:\Users\crisz\Desktop\Prod-Thesis\DeepFashion2\train\image\000852.jpg
000853.json,C:\Users\crisz\Desktop\Prod-Thesis\DeepFashion2\train\image\000853.jpg
000854.json,C:\Users\crisz\Desktop\Prod-Thesis\DeepFashion2\train\image\000854.jpg
000855.json,C:\Users\crisz\Desktop\Prod-Thesis\DeepFashion2\train\image\000855.jpg
000856.json,C:\Users\crisz\Desktop\Prod-Thesis\DeepFashion2\train\image\000856.jpg
000857.json,C:\Users\crisz\Desktop\Prod-Thesis\DeepFashion2\train\image\000857.jpg
000859.json,C:\Users\crisz\Desktop\Prod-Thesis\DeepFashion2\train\image\000859.jpg
000860.json,C:\Users\crisz\Desktop\Prod-Thesis\DeepFashion2\train\image\000860.jpg
000861.json,C:\Users\crisz\Desktop\Prod-Thesis\DeepFashion2\train\image\000861.jpg
000862.json,C:\Users\crisz\Desktop\Prod-Thesis\DeepFashion2\train\image\000862.jpg
000863.json,C:\Users\crisz\Desktop\Prod-Thesis\DeepFashion2\train\image\000863.jpg
000889.json,C:\Users\crisz\Desktop\Prod-Thesis\DeepFashion2\train\image\000889.jpg
000891.json,C:\Users\crisz\Desktop\Prod-Thesis\DeepFashion2\train\image\000891.jpg
000892.json,C:\Users\crisz\Desktop\Prod-Thesis\DeepFashion2\train\image\000892.jpg
000893.json,C:\Users\crisz\Desktop\Prod-Thesis\DeepFashion2\train\image\000893.jpg
000894.json,C:\Users\crisz\Desktop\Prod-Thesis\DeepFashion2\train\image\000894.jpg
000895.json,C:\Users\crisz\Desktop\Prod-Thesis\DeepFashion2\train\image\000895.jpg
000898.json,C:\Users\crisz\Desktop\Prod-Thesis\DeepFashion2\train\image\000898.jpg
000899.json,C:\Users\crisz\Desktop\Prod-Thesis\DeepFashion2\train\image\000899.jpg
000900.json,C:\Users\crisz\Desktop\Prod-Thesis\DeepFashion2\train\image\000900.jpg
000901.json,C:\Users\crisz\Desktop\Prod-Thesis\DeepFashion2\train\image\000901.jpg
000903.json,C:\Users\crisz\Desktop\Prod-Thesis\DeepFashion2\train\image\000903.jpg
000904.json,C:\Users\crisz\Desktop\Prod-Thesis\DeepFashion2\train\image\000904.jpg
000906.json,C:\Users\crisz\Desktop\Prod-Thesis\DeepFashion2\train\image\000906.jpg
000908.json,C:\Users\crisz\Desktop\Prod-Thesis\DeepFashion2\train\image\000908.jpg
000910.json,C:\Users\crisz\Desktop\Prod-Thesis\DeepFashion2\train\image\000910.jpg
000911.json,C:\Users\crisz\Desktop\Prod-Thesis\DeepFashion2\train\image\000911.jpg
000912.json,C:\Users\crisz\Desktop\Prod-Thesis\DeepFashion2\train\image\000912.jpg
000913.json,C:\Users\crisz\Desktop\Prod-Thesis\DeepFashion2\train\image\000913.jpg
000914.json,C:\Users\crisz\Desktop\Prod-Thesis\DeepFashion2\train\image\000914.jpg
000915.json,C:\Users\crisz\Desktop\Prod-Thesis\DeepFashion2\train\image\000915.jpg
000916.json,C:\Users\crisz\Desktop\Prod-Thesis\DeepFashion2\train\image\000916.jpg
000917.json,C:\Users\crisz\Desktop\Prod-Thesis\DeepFashion2\train\image\000917.jpg
000918.json,C:\Users\crisz\Desktop\Prod-Thesis\DeepFashion2\train\image\000918.jpg
000919.json,C:\Users\crisz\Desktop\Prod-Thesis\DeepFashion2\train\image\000919.jpg
000920.json,C:\Users\crisz\Desktop\Prod-Thesis\DeepFashion2\train\image\000920.jpg
003223.json,C:\Users\crisz\Desktop\Prod-Thesis\DeepFashion2\train\image\003223.jpg
003373.json,C:\Users\crisz\Desktop\Prod-Thesis\DeepFashion2\train\image\003373.jpg
003655.json,C:\Users\crisz\Desktop\Prod-Thesis\DeepFashion2\train\image\003655.jpg
003761.json,C:\Users\crisz\Desktop\Prod-Thesis\DeepFashion2\train\image\003761.jpg
004153.json,C:\Users\crisz\Desktop\Prod-Thesis\DeepFashion2\train\image\004153.jpg
004212.json,C:\Users\crisz\Desktop\Prod-Thesis\DeepFashion2\train\image\004212.jpg
004576.json,C:\Users\crisz\Desktop\Prod-Thesis\DeepFashion2\train\image\004576.jpg
005877.json,C:\Users\crisz\Desktop\Prod-Thesis\DeepFashion2\train\image\005877.jpg
006312.json,C:\Users\crisz\Desktop\Prod-Thesis\DeepFashion2\train\image\006312.jpg
011782.json,C:\Users\crisz\Desktop\Prod-Thesis\DeepFashion2\train\image\011782.jpg
014062.json,C:\Users\crisz\Desktop\Prod-Thesis\DeepFashion2\train\image\014062.jpg
014664.json,C:\Users\crisz\Desktop\Prod-Thesis\DeepFashion2\train\image\014664.jpg
014801.json,C:\Users\crisz\Desktop\Prod-Thesis\DeepFashion2\train\image\014801.jpg
016314.json,C:\Users\crisz\Desktop\Prod-Thesis\DeepFashion2\train\image\016314.jpg
018002.json,C:\Users\crisz\Desktop\Prod-Thesis\DeepFashion2\train\image\018002.jpg
018005.json,C:\Users\crisz\Desktop\Prod-Thesis\DeepFashion2\train\image\018005.jpg
020336.json,C:\Users\crisz\Desktop\Prod-Thesis\DeepFashion2\train\image\020336.jpg
021496.json,C:\Users\crisz\Desktop\Prod-Thesis\DeepFashion2\train\image\021496.jpg
024331.json,C:\Users\crisz\Desktop\Prod-Thesis\DeepFashion2\train\image\024331.jpg
025484.json,C:\Users\crisz\Desktop\Prod-Thesis\DeepFashion2\train\image\025484.jpg
026350.json,C:\Users\crisz\Desktop\Prod-Thesis\DeepFashion2\train\image\026350.jpg
027217.json,C:\Users\crisz\Desktop\Prod-Thesis\DeepFashion2\train\image\027217.jpg
027269.json,C:\Users\crisz\Desktop\Prod-Thesis\DeepFashion2\train\image\027269.jpg
027873.json,C:\Users\crisz\Desktop\Prod-Thesis\DeepFashion2\train\image\027873.jpg
028351.json,C:\Users\crisz\Desktop\Prod-Thesis\DeepFashion2\train\image\028351.jpg
029251.json,C:\Users\crisz\Desktop\Prod-Thesis\DeepFashion2\train\image\029251.jpg
029672.json,C:\Users\crisz\Desktop\Prod-Thesis\DeepFashion2\train\image\029672.jpg
032785.json,C:\Users\crisz\Desktop\Prod-Thesis\DeepFashion2\train\image\032785.jpg
034634.json,C:\Users\crisz\Desktop\Prod-Thesis\DeepFashion2\train\image\034634.jpg
034757.json,C:\Users\crisz\Desktop\Prod-Thesis\DeepFashion2\train\image\034757.jpg
035686.json,C:\Users\crisz\Desktop\Prod-Thesis\DeepFashion2\train\image\035686.jpg
037157.json,C:\Users\crisz\Desktop\Prod-Thesis\DeepFashion2\train\image\037157.jpg
037203.json,C:\Users\crisz\Desktop\Prod-Thesis\DeepFashion2\train\image\037203.jpg
040536.json,C:\Users\crisz\Desktop\Prod-Thesis\DeepFashion2\train\image\040536.jpg
045328.json,C:\Users\crisz\Desktop\Prod-Thesis\DeepFashion2\train\image\045328.jpg
046871.json,C:\Users\crisz\Desktop\Prod-Thesis\DeepFashion2\train\image\046871.jpg
047044.json,C:\Users\crisz\Desktop\Prod-Thesis\DeepFashion2\train\image\047044.jpg
047523.json,C:\Users\crisz\Desktop\Prod-Thesis\DeepFashion2\train\image\047523.jpg
048632.json,C:\Users\crisz\Desktop\Prod-Thesis\DeepFashion2\train\image\048632.jpg
050148.json,C:\Users\crisz\Desktop\Prod-Thesis\DeepFashion2\train\image\050148.jpg
050200.json,C:\Users\crisz\Desktop\Prod-Thesis\DeepFashion2\train\image\050200.jpg
051126.json,C:\Users\crisz\Desktop\Prod-Thesis\DeepFashion2\train\image\051126.jpg
052622.json,C:\Users\crisz\Desktop\Prod-Thesis\DeepFashion2\train\image\052622.jpg
053115.json,C:\Users\crisz\Desktop\Prod-Thesis\DeepFashion2\train\image\053115.jpg
053171.json,C:\Users\crisz\Desktop\Prod-Thesis\DeepFashion2\train\image\053171.jpg
053842.json,C:\Users\crisz\Desktop\Prod-Thesis\DeepFashion2\train\image\053842.jpg
054263.json,C:\Users\crisz\Desktop\Prod-Thesis\DeepFashion2\train\image\054263.jpg
055981.json,C:\Users\crisz\Desktop\Prod-Thesis\DeepFashion2\train\image\055981.jpg
057287.json,C:\Users\crisz\Desktop\Prod-Thesis\DeepFashion2\train\image\057287.jpg
058251.json,C:\Users\crisz\Desktop\Prod-Thesis\DeepFashion2\train\image\058251.jpg
061004.json,C:\Users\crisz\Desktop\Prod-Thesis\DeepFashion2\train\image\061004.jpg
061071.json,C:\Users\crisz\Desktop\Prod-Thesis\DeepFashion2\train\image\061071.jpg
062888.json,C:\Users\crisz\Desktop\Prod-Thesis\DeepFashion2\train\image\062888.jpg
062919.json,C:\Users\crisz\Desktop\Prod-Thesis\DeepFashion2\train\image\062919.jpg
064115.json,C:\Users\crisz\Desktop\Prod-Thesis\DeepFashion2\train\image\064115.jpg
068011.json,C:\Users\crisz\Desktop\Prod-Thesis\DeepFashion2\train\image\068011.jpg
069457.json,C:\Users\crisz\Desktop\Prod-Thesis\DeepFashion2\train\image\069457.jpg
069598.json,C:\Users\crisz\Desktop\Prod-Thesis\DeepFashion2\train\image\069598.jpg
069609.json,C:\Users\crisz\Desktop\Prod-Thesis\DeepFashion2\train\image\069609.jpg
069642.json,C:\Users\crisz\Desktop\Prod-Thesis\DeepFashion2\train\image\069642.jpg
069664.json,C:\Users\crisz\Desktop\Prod-Thesis\DeepFashion2\train\image\069664.jpg
071225.json,C:\Users\crisz\Desktop\Prod-Thesis\DeepFashion2\train\image\071225.jpg
075178.json,C:\Users\crisz\Desktop\Prod-Thesis\DeepFashion2\train\image\075178.jpg
075885.json,C:\Users\crisz\Desktop\Prod-Thesis\DeepFashion2\train\image\075885.jpg
076878.json,C:\Users\crisz\Desktop\Prod-Thesis\DeepFashion2\train\image\076878.jpg
078395.json,C:\Users\crisz\Desktop\Prod-Thesis\DeepFashion2\train\image\078395.jpg
078731.json,C:\Users\crisz\Desktop\Prod-Thesis\DeepFashion2\train\image\078731.jpg
079920.json,C:\Users\crisz\Desktop\Prod-Thesis\DeepFashion2\train\image\079920.jpg
082350.json,C:\Users\crisz\Desktop\Prod-Thesis\DeepFashion2\train\image\082350.jpg
082831.json,C:\Users\crisz\Desktop\Prod-Thesis\DeepFashion2\train\image\082831.jpg
085528.json,C:\Users\crisz\Desktop\Prod-Thesis\DeepFashion2\train\image\085528.jpg
089998.json,C:\Users\crisz\Desktop\Prod-Thesis\DeepFashion2\train\image\089998.jpg
092660.json,C:\Users\crisz\Desktop\Prod-Thesis\DeepFashion2\train\image\092660.jpg
092689.json,C:\Users\crisz\Desktop\Prod-Thesis\DeepFashion2\train\image\092689.jpg
092973.json,C:\Users\crisz\Desktop\Prod-Thesis\DeepFashion2\train\image\092973.jpg
095426.json,C:\Users\crisz\Desktop\Prod-Thesis\DeepFashion2\train\image\095426.jpg
096801.json,C:\Users\crisz\Desktop\Prod-Thesis\DeepFashion2\train\image\096801.jpg
097163.json,C:\Users\crisz\Desktop\Prod-Thesis\DeepFashion2\train\image\097163.jpg
097302.json,C:\Users\crisz\Desktop\Prod-Thesis\DeepFashion2\train\image\097302.jpg
104183.json,C:\Users\crisz\Desktop\Prod-Thesis\DeepFashion2\train\image\104183.jpg
104513.json,C:\Users\crisz\Desktop\Prod-Thesis\DeepFashion2\train\image\104513.jpg
104655.json,C:\Users\crisz\Desktop\Prod-Thesis\DeepFashion2\train\image\104655.jpg
105240.json,C:\Users\crisz\Desktop\Prod-Thesis\DeepFashion2\train\image\105240.jpg
105626.json,C:\Users\crisz\Desktop\Prod-Thesis\DeepFashion2\train\image\105626.jpg
110003.json,C:\Users\crisz\Desktop\Prod-Thesis\DeepFashion2\train\image\110003.jpg
110788.json,C:\Users\crisz\Desktop\Prod-Thesis\DeepFashion2\train\image\110788.jpg
110806.json,C:\Users\crisz\Desktop\Prod-Thesis\DeepFashion2\train\image\110806.jpg
111443.json,C:\Users\crisz\Desktop\Prod-Thesis\DeepFashion2\train\image\111443.jpg
112090.json,C:\Users\crisz\Desktop\Prod-Thesis\DeepFashion2\train\image\112090.jpg
117580.json,C:\Users\crisz\Desktop\Prod-Thesis\DeepFashion2\train\image\117580.jpg
118694.json,C:\Users\crisz\Desktop\Prod-Thesis\DeepFashion2\train\image\118694.jpg
119166.json,C:\Users\crisz\Desktop\Prod-Thesis\DeepFashion2\train\image\119166.jpg
120234.json,C:\Users\crisz\Desktop\Prod-Thesis\DeepFashion2\train\image\120234.jpg
125420.json,C:\Users\crisz\Desktop\Prod-Thesis\DeepFashion2\train\image\125420.jpg
126728.json,C:\Users\crisz\Desktop\Prod-Thesis\DeepFashion2\train\image\126728.jpg
127371.json,C:\Users\crisz\Desktop\Prod-Thesis\DeepFashion2\train\image\127371.jpg
129776.json,C:\Users\crisz\Desktop\Prod-Thesis\DeepFashion2\train\image\129776.jpg
130264.json,C:\Users\crisz\Desktop\Prod-Thesis\DeepFashion2\train\image\130264.jpg
130640.json,C:\Users\crisz\Desktop\Prod-Thesis\DeepFashion2\train\image\130640.jpg
133115.json,C:\Users\crisz\Desktop\Prod-Thesis\DeepFashion2\train\image\133115.jpg
133199.json,C:\Users\crisz\Desktop\Prod-Thesis\DeepFashion2\train\image\133199.jpg
137419.json,C:\Users\crisz\Desktop\Prod-Thesis\DeepFashion2\train\image\137419.jpg
138599.json,C:\Users\crisz\Desktop\Prod-Thesis\DeepFashion2\train\image\138599.jpg
140361.json,C:\Users\crisz\Desktop\Prod-Thesis\DeepFashion2\train\image\140361.jpg
141121.json,C:\Users\crisz\Desktop\Prod-Thesis\DeepFashion2\train\image\141121.jpg
141287.json,C:\Users\crisz\Desktop\Prod-Thesis\DeepFashion2\train\image\141287.jpg
144635.json,C:\Users\crisz\Desktop\Prod-Thesis\DeepFashion2\train\image\144635.jpg
146209.json,C:\Users\crisz\Desktop\Prod-Thesis\DeepFashion2\train\image\146209.jpg
147941.json,C:\Users\crisz\Desktop\Prod-Thesis\DeepFashion2\train\image\147941.jpg
153189.json,C:\Users\crisz\Desktop\Prod-Thesis\DeepFashion2\train\image\153189.jpg
153917.json,C:\Users\crisz\Desktop\Prod-Thesis\DeepFashion2\train\image\153917.jpg
154322.json,C:\Users\crisz\Desktop\Prod-Thesis\DeepFashion2\train\image\154322.jpg
154330.json,C:\Users\crisz\Desktop\Prod-Thesis\DeepFashion2\train\image\154330.jpg
154524.json,C:\Users\crisz\Desktop\Prod-Thesis\DeepFashion2\train\image\154524.jpg
160822.json,C:\Users\crisz\Desktop\Prod-Thesis\DeepFashion2\train\image\160822.jpg
164916.json,C:\Users\crisz\Desktop\Prod-Thesis\DeepFashion2\train\image\164916.jpg
165211.json,C:\Users\crisz\Desktop\Prod-Thesis\DeepFashion2\train\image\165211.jpg
165283.json,C:\Users\crisz\Desktop\Prod-Thesis\DeepFashion2\train\image\165283.jpg
172307.json,C:\Users\crisz\Desktop\Prod-Thesis\DeepFashion2\train\image\172307.jpg
174237.json,C:\Users\crisz\Desktop\Prod-Thesis\DeepFashion2\train\image\174237.jpg
176998.json,C:\Users\crisz\Desktop\Prod-Thesis\DeepFashion2\train\image\176998.jpg
178536.json,C:\Users\crisz\Desktop\Prod-Thesis\DeepFashion2\train\image\178536.jpg
180399.json,C:\Users\crisz\Desktop\Prod-Thesis\DeepFashion2\train\image\180399.jpg
180480.json,C:\Users\crisz\Desktop\Prod-Thesis\DeepFashion2\train\image\180480.jpg
181258.json,C:\Users\crisz\Desktop\Prod-Thesis\DeepFashion2\train\image\181258.jpg
182867.json,C:\Users\crisz\Desktop\Prod-Thesis\DeepFashion2\train\image\182867.jpg
183973.json,C:\Users\crisz\Desktop\Prod-Thesis\DeepFashion2\train\image\183973.jpg
185118.json,C:\Users\crisz\Desktop\Prod-Thesis\DeepFashion2\train\image\185118.jpg
185948.json,C:\Users\crisz\Desktop\Prod-Thesis\DeepFashion2\train\image\185948.jpg
187296.json,C:\Users\crisz\Desktop\Prod-Thesis\DeepFashion2\train\image\187296.jpg
187445.json,C:\Users\crisz\Desktop\Prod-Thesis\DeepFashion2\train\image\187445.jpg
187546.json,C:\Users\crisz\Desktop\Prod-Thesis\DeepFashion2\train\image\187546.jpg
190481.json,C:\Users\crisz\Desktop\Prod-Thesis\DeepFashion2\train\image\190481.jpg
190953.json,C:\Users\crisz\Desktop\Prod-Thesis\DeepFashion2\train\image\190953.jpg
191253.json,C:\Users\crisz\Desktop\Prod-Thesis\DeepFashion2\train\image\191253.jpg
000023.json,C:\Users\crisz\Desktop\Prod-Thesis\DeepFashion2\validation\image\000023.jpg
000053.json,C:\Users\crisz\Desktop\Prod-Thesis\DeepFashion2\validation\image\000053.jpg
000070.json,C:\Users\crisz\Desktop\Prod-Thesis\DeepFashion2\validation\image\000070.jpg
000072.json,C:\Users\crisz\Desktop\Prod-Thesis\DeepFashion2\validation\image\000072.jpg
000075.json,C:\Users\crisz\Desktop\Prod-Thesis\DeepFashion2\validation\image\000075.jpg
000127.json,C:\Users\crisz\Desktop\Prod-Thesis\DeepFashion2\validation\image\000127.jpg
000169.json,C:\Users\crisz\Desktop\Prod-Thesis\DeepFashion2\validation\image\000169.jpg
000171.json,C:\Users\crisz\Desktop\Prod-Thesis\DeepFashion2\validation\image\000171.jpg
000176.json,C:\Users\crisz\Desktop\Prod-Thesis\DeepFashion2\validation\image\000176.jpg
000177.json,C:\Users\crisz\Desktop\Prod-Thesis\DeepFashion2\validation\image\000177.jpg
000180.json,C:\Users\crisz\Desktop\Prod-Thesis\DeepFashion2\validation\image\000180.jpg
000213.json,C:\Users\crisz\Desktop\Prod-Thesis\DeepFashion2\validation\image\000213.jpg
000216.json,C:\Users\crisz\Desktop\Prod-Thesis\DeepFashion2\validation\image\000216.jpg
000217.json,C:\Users\crisz\Desktop\Prod-Thesis\DeepFashion2\validation\image\000217.jpg
000218.json,C:\Users\crisz\Desktop\Prod-Thesis\DeepFashion2\validation\image\000218.jpg
000219.json,C:\Users\crisz\Desktop\Prod-Thesis\DeepFashion2\validation\image\000219.jpg
000226.json,C:\Users\crisz\Desktop\Prod-Thesis\DeepFashion2\validation\image\000226.jpg
000234.json,C:\Users\crisz\Desktop\Prod-Thesis\DeepFashion2\validation\image\000234.jpg
000271.json,C:\Users\crisz\Desktop\Prod-Thesis\DeepFashion2\validation\image\000271.jpg
000273.json,C:\Users\crisz\Desktop\Prod-Thesis\DeepFashion2\validation\image\000273.jpg
000280.json,C:\Users\crisz\Desktop\Prod-Thesis\DeepFashion2\validation\image\000280.jpg
000282.json,C:\Users\crisz\Desktop\Prod-Thesis\DeepFashion2\validation\image\000282.jpg
000284.json,C:\Users\crisz\Desktop\Prod-Thesis\DeepFashion2\validation\image\000284.jpg
000286.json,C:\Users\crisz\Desktop\Prod-Thesis\DeepFashion2\validation\image\000286.jpg
000287.json,C:\Users\crisz\Desktop\Prod-Thesis\DeepFashion2\validation\image\000287.jpg
000295.json,C:\Users\crisz\Desktop\Prod-Thesis\DeepFashion2\validation\image\000295.jpg
000306.json,C:\Users\crisz\Desktop\Prod-Thesis\DeepFashion2\validation\image\000306.jpg
000339.json,C:\Users\crisz\Desktop\Prod-Thesis\DeepFashion2\validation\image\000339.jpg
000340.json,C:\Users\crisz\Desktop\Prod-Thesis\DeepFashion2\validation\image\000340.jpg
000342.json,C:\Users\crisz\Desktop\Prod-Thesis\DeepFashion2\validation\image\000342.jpg
000343.json,C:\Users\crisz\Desktop\Prod-Thesis\DeepFashion2\validation\image\000343.jpg
000344.json,C:\Users\crisz\Desktop\Prod-Thesis\DeepFashion2\validation\image\000344.jpg
000347.json,C:\Users\crisz\Desktop\Prod-Thesis\DeepFashion2\validation\image\000347.jpg
000351.json,C:\Users\crisz\Desktop\Prod-Thesis\DeepFashion2\validation\image\000351.jpg
000352.json,C:\Users\crisz\Desktop\Prod-Thesis\DeepFashion2\validation\image\000352.jpg
000371.json,C:\Users\crisz\Desktop\Prod-Thesis\DeepFashion2\validation\image\000371.jpg
000372.json,C:\Users\crisz\Desktop\Prod-Thesis\DeepFashion2\validation\image\000372.jpg
000391.json,C:\Users\crisz\Desktop\Prod-Thesis\DeepFashion2\validation\image\000391.jpg
000405.json,C:\Users\crisz\Desktop\Prod-Thesis\DeepFashion2\validation\image\000405.jpg
000444.json,C:\Users\crisz\Desktop\Prod-Thesis\DeepFashion2\validation\image\000444.jpg
000451.json,C:\Users\crisz\Desktop\Prod-Thesis\DeepFashion2\validation\image\000451.jpg
000454.json,C:\Users\crisz\Desktop\Prod-Thesis\DeepFashion2\validation\image\000454.jpg
000455.json,C:\Users\crisz\Desktop\Prod-Thesis\DeepFashion2\validation\image\000455.jpg
000457.json,C:\Users\crisz\Desktop\Prod-Thesis\DeepFashion2\validation\image\000457.jpg
000471.json,C:\Users\crisz\Desktop\Prod-Thesis\DeepFashion2\validation\image\000471.jpg
000492.json,C:\Users\crisz\Desktop\Prod-Thesis\DeepFashion2\validation\image\000492.jpg
000498.json,C:\Users\crisz\Desktop\Prod-Thesis\DeepFashion2\validation\image\000498.jpg
000499.json,C:\Users\crisz\Desktop\Prod-Thesis\DeepFashion2\validation\image\000499.jpg
000500.json,C:\Users\crisz\Desktop\Prod-Thesis\DeepFashion2\validation\image\000500.jpg
000501.json,C:\Users\crisz\Desktop\Prod-Thesis\DeepFashion2\validation\image\000501.jpg
000502.json,C:\Users\crisz\Desktop\Prod-Thesis\DeepFashion2\validation\image\000502.jpg
000504.json,C:\Users\crisz\Desktop\Prod-Thesis\DeepFashion2\validation\image\000504.jpg
000509.json,C:\Users\crisz\Desktop\Prod-Thesis\DeepFashion2\validation\image\000509.jpg
000510.json,C:\Users\crisz\Desktop\Prod-Thesis\DeepFashion2\validation\image\000510.jpg
000511.json,C:\Users\crisz\Desktop\Prod-Thesis\DeepFashion2\validation\image\000511.jpg
000522.json,C:\Users\crisz\Desktop\Prod-Thesis\DeepFashion2\validation\image\000522.jpg
000524.json,C:\Users\crisz\Desktop\Prod-Thesis\DeepFashion2\validation\image\000524.jpg
000529.json,C:\Users\crisz\Desktop\Prod-Thesis\DeepFashion2\validation\image\000529.jpg
000532.json,C:\Users\crisz\Desktop\Prod-Thesis\DeepFashion2\validation\image\000532.jpg
000534.json,C:\Users\crisz\Desktop\Prod-Thesis\DeepFashion2\validation\image\000534.jpg
000537.json,C:\Users\crisz\Desktop\Prod-Thesis\DeepFashion2\validation\image\000537.jpg
000538.json,C:\Users\crisz\Desktop\Prod-Thesis\DeepFashion2\validation\image\000538.jpg
000547.json,C:\Users\crisz\Desktop\Prod-Thesis\DeepFashion2\validation\image\000547.jpg
000548.json,C:\Users\crisz\Desktop\Prod-Thesis\DeepFashion2\validation\image\000548.jpg
000555.json,C:\Users\crisz\Desktop\Prod-Thesis\DeepFashion2\validation\image\000555.jpg
000573.json,C:\Users\crisz\Desktop\Prod-Thesis\DeepFashion2\validation\image\000573.jpg
000575.json,C:\Users\crisz\Desktop\Prod-Thesis\DeepFashion2\validation\image\000575.jpg
000576.json,C:\Users\crisz\Desktop\Prod-Thesis\DeepFashion2\validation\image\000576.jpg
000577.json,C:\Users\crisz\Desktop\Prod-Thesis\DeepFashion2\validation\image\000577.jpg
000603.json,C:\Users\crisz\Desktop\Prod-Thesis\DeepFashion2\validation\image\000603.jpg
000604.json,C:\Users\crisz\Desktop\Prod-Thesis\DeepFashion2\validation\image\000604.jpg
000605.json,C:\Users\crisz\Desktop\Prod-Thesis\DeepFashion2\validation\image\000605.jpg
000606.json,C:\Users\crisz\Desktop\Prod-Thesis\DeepFashion2\validation\image\000606.jpg
000608.json,C:\Users\crisz\Desktop\Prod-Thesis\DeepFashion2\validation\image\000608.jpg
000609.json,C:\Users\crisz\Desktop\Prod-Thesis\DeepFashion2\validation\image\000609.jpg
000610.json,C:\Users\crisz\Desktop\Prod-Thesis\DeepFashion2\validation\image\000610.jpg
000611.json,C:\Users\crisz\Desktop\Prod-Thesis\DeepFashion2\validation\image\000611.jpg
000612.json,C:\Users\crisz\Desktop\Prod-Thesis\DeepFashion2\validation\image\000612.jpg
000626.json,C:\Users\crisz\Desktop\Prod-Thesis\DeepFashion2\validation\image\000626.jpg
000627.json,C:\Users\crisz\Desktop\Prod-Thesis\DeepFashion2\validation\image\000627.jpg
000628.json,C:\Users\crisz\Desktop\Prod-Thesis\DeepFashion2\validation\image\000628.jpg
000629.json,C:\Users\crisz\Desktop\Prod-Thesis\DeepFashion2\validation\image\000629.jpg
000630.json,C:\Users\crisz\Desktop\Prod-Thesis\DeepFashion2\validation\image\000630.jpg
000631.json,C:\Users\crisz\Desktop\Prod-Thesis\DeepFashion2\validation\image\000631.jpg
000633.json,C:\Users\crisz\Desktop\Prod-Thesis\DeepFashion2\validation\image\000633.jpg
000634.json,C:\Users\crisz\Desktop\Prod-Thesis\DeepFashion2\validation\image\000634.jpg
000635.json,C:\Users\crisz\Desktop\Prod-Thesis\DeepFashion2\validation\image\000635.jpg
000636.json,C:\Users\crisz\Desktop\Prod-Thesis\DeepFashion2\validation\image\000636.jpg
000638.json,C:\Users\crisz\Desktop\Prod-Thesis\DeepFashion2\validation\image\000638.jpg
000639.json,C:\Users\crisz\Desktop\Prod-Thesis\DeepFashion2\validation\image\000639.jpg
000643.json,C:\Users\crisz\Desktop\Prod-Thesis\DeepFashion2\validation\image\000643.jpg
000647.json,C:\Users\crisz\Desktop\Prod-Thesis\DeepFashion2\validation\image\000647.jpg
000648.json,C:\Users\crisz\Desktop\Prod-Thesis\DeepFashion2\validation\image\000648.jpg
000661.json,C:\Users\crisz\Desktop\Prod-Thesis\DeepFashion2\validation\image\000661.jpg
000666.json,C:\Users\crisz\Desktop\Prod-Thesis\DeepFashion2\validation\image\000666.jpg
000700.json,C:\Users\crisz\Desktop\Prod-Thesis\DeepFashion2\validation\image\000700.jpg
000711.json,C:\Users\crisz\Desktop\Prod-Thesis\DeepFashion2\validation\image\000711.jpg
000712.json,C:\Users\crisz\Desktop\Prod-Thesis\DeepFashion2\validation\image\000712.jpg
000719.json,C:\Users\crisz\Desktop\Prod-Thesis\DeepFashion2\validation\image\000719.jpg
000747.json,C:\Users\crisz\Desktop\Prod-Thesis\DeepFashion2\validation\image\000747.jpg
000748.json,C:\Users\crisz\Desktop\Prod-Thesis\DeepFashion2\validation\image\000748.jpg
000770.json,C:\Users\crisz\Desktop\Prod-Thesis\DeepFashion2\validation\image\000770.jpg
000794.json,C:\Users\crisz\Desktop\Prod-Thesis\DeepFashion2\validation\image\000794.jpg
000863.json,C:\Users\crisz\Desktop\Prod-Thesis\DeepFashion2\validation\image\000863.jpg
000875.json,C:\Users\crisz\Desktop\Prod-Thesis\DeepFashion2\validation\image\000875.jpg
000876.json,C:\Users\crisz\Desktop\Prod-Thesis\DeepFashion2\validation\image\000876.jpg
000877.json,C:\Users\crisz\Desktop\Prod-Thesis\DeepFashion2\validation\image\000877.jpg
000878.json,C:\Users\crisz\Desktop\Prod-Thesis\DeepFashion2\validation\image\000878.jpg
000879.json,C:\Users\crisz\Desktop\Prod-Thesis\DeepFashion2\validation\image\000879.jpg
000880.json,C:\Users\crisz\Desktop\Prod-Thesis\DeepFashion2\validation\image\000880.jpg
000881.json,C:\Users\crisz\Desktop\Prod-Thesis\DeepFashion2\validation\image\000881.jpg
000882.json,C:\Users\crisz\Desktop\Prod-Thesis\DeepFashion2\validation\image\000882.jpg
000883.json,C:\Users\crisz\Desktop\Prod-Thesis\DeepFashion2\validation\image\000883.jpg
000884.json,C:\Users\crisz\Desktop\Prod-Thesis\DeepFashion2\validation\image\000884.jpg
000885.json,C:\Users\crisz\Desktop\Prod-Thesis\DeepFashion2\validation\image\000885.jpg
000894.json,C:\Users\crisz\Desktop\Prod-Thesis\DeepFashion2\validation\image\000894.jpg
000898.json,C:\Users\crisz\Desktop\Prod-Thesis\DeepFashion2\validation\image\000898.jpg
000899.json,C:\Users\crisz\Desktop\Prod-Thesis\DeepFashion2\validation\image\000899.jpg
000902.json,C:\Users\crisz\Desktop\Prod-Thesis\DeepFashion2\validation\image\000902.jpg
000910.json,C:\Users\crisz\Desktop\Prod-Thesis\DeepFashion2\validation\image\000910.jpg
000911.json,C:\Users\crisz\Desktop\Prod-Thesis\DeepFashion2\validation\image\000911.jpg
000912.json,C:\Users\crisz\Desktop\Prod-Thesis\DeepFashion2\validation\image\000912.jpg
000913.json,C:\Users\crisz\Desktop\Prod-Thesis\DeepFashion2\validation\image\000913.jpg
000914.json,C:\Users\crisz\Desktop\Prod-Thesis\DeepFashion2\validation\image\000914.jpg
000915.json,C:\Users\crisz\Desktop\Prod-Thesis\DeepFashion2\validation\image\000915.jpg
000917.json,C:\Users\crisz\Desktop\Prod-Thesis\DeepFashion2\validation\image\000917.jpg
000923.json,C:\Users\crisz\Desktop\Prod-Thesis\DeepFashion2\validation\image\000923.jpg
000925.json,C:\Users\crisz\Desktop\Prod-Thesis\DeepFashion2\validation\image\000925.jpg
000960.json,C:\Users\crisz\Desktop\Prod-Thesis\DeepFashion2\validation\image\000960.jpg
000964.json,C:\Users\crisz\Desktop\Prod-Thesis\DeepFashion2\validation\image\000964.jpg
000968.json,C:\Users\crisz\Desktop\Prod-Thesis\DeepFashion2\validation\image\000968.jpg
000969.json,C:\Users\crisz\Desktop\Prod-Thesis\DeepFashion2\validation\image\000969.jpg
000982.json,C:\Users\crisz\Desktop\Prod-Thesis\DeepFashion2\validation\image\000982.jpg
000983.json,C:\Users\crisz\Desktop\Prod-Thesis\DeepFashion2\validation\image\000983.jpg
001218.json,C:\Users\crisz\Desktop\Prod-Thesis\DeepFashion2\validation\image\001218.jpg
001901.json,C:\Users\crisz\Desktop\Prod-Thesis\DeepFashion2\validation\image\001901.jpg
002032.json,C:\Users\crisz\Desktop\Prod-Thesis\DeepFashion2\validation\image\002032.jpg
003036.json,C:\Users\crisz\Desktop\Prod-Thesis\DeepFashion2\validation\image\003036.jpg
003043.json,C:\Users\crisz\Desktop\Prod-Thesis\DeepFashion2\validation\image\003043.jpg
003268.json,C:\Users\crisz\Desktop\Prod-Thesis\DeepFashion2\validation\image\003268.jpg
004273.json,C:\Users\crisz\Desktop\Prod-Thesis\DeepFashion2\validation\image\004273.jpg
004279.json,C:\Users\crisz\Desktop\Prod-Thesis\DeepFashion2\validation\image\004279.jpg
004800.json,C:\Users\crisz\Desktop\Prod-Thesis\DeepFashion2\validation\image\004800.jpg
004921.json,C:\Users\crisz\Desktop\Prod-Thesis\DeepFashion2\validation\image\004921.jpg
005414.json,C:\Users\crisz\Desktop\Prod-Thesis\DeepFashion2\validation\image\005414.jpg
005775.json,C:\Users\crisz\Desktop\Prod-Thesis\DeepFashion2\validation\image\005775.jpg
006076.json,C:\Users\crisz\Desktop\Prod-Thesis\DeepFashion2\validation\image\006076.jpg
006158.json,C:\Users\crisz\Desktop\Prod-Thesis\DeepFashion2\validation\image\006158.jpg
006469.json,C:\Users\crisz\Desktop\Prod-Thesis\DeepFashion2\validation\image\006469.jpg
006480.json,C:\Users\crisz\Desktop\Prod-Thesis\DeepFashion2\validation\image\006480.jpg
007350.json,C:\Users\crisz\Desktop\Prod-Thesis\DeepFashion2\validation\image\007350.jpg
007449.json,C:\Users\crisz\Desktop\Prod-Thesis\DeepFashion2\validation\image\007449.jpg
007662.json,C:\Users\crisz\Desktop\Prod-Thesis\DeepFashion2\validation\image\007662.jpg
007733.json,C:\Users\crisz\Desktop\Prod-Thesis\DeepFashion2\validation\image\007733.jpg
008042.json,C:\Users\crisz\Desktop\Prod-Thesis\DeepFashion2\validation\image\008042.jpg
008186.json,C:\Users\crisz\Desktop\Prod-Thesis\DeepFashion2\validation\image\008186.jpg
008219.json,C:\Users\crisz\Desktop\Prod-Thesis\DeepFashion2\validation\image\008219.jpg
008232.json,C:\Users\crisz\Desktop\Prod-Thesis\DeepFashion2\validation\image\008232.jpg
008537.json,C:\Users\crisz\Desktop\Prod-Thesis\DeepFashion2\validation\image\008537.jpg
008929.json,C:\Users\crisz\Desktop\Prod-Thesis\DeepFashion2\validation\image\008929.jpg
008950.json,C:\Users\crisz\Desktop\Prod-Thesis\DeepFashion2\validation\image\008950.jpg
009558.json,C:\Users\crisz\Desktop\Prod-Thesis\DeepFashion2\validation\image\009558.jpg
009585.json,C:\Users\crisz\Desktop\Prod-Thesis\DeepFashion2\validation\image\009585.jpg
010155.json,C:\Users\crisz\Desktop\Prod-Thesis\DeepFashion2\validation\image\010155.jpg
010568.json,C:\Users\crisz\Desktop\Prod-Thesis\DeepFashion2\validation\image\010568.jpg
011215.json,C:\Users\crisz\Desktop\Prod-Thesis\DeepFashion2\validation\image\011215.jpg
011404.json,C:\Users\crisz\Desktop\Prod-Thesis\DeepFashion2\validation\image\011404.jpg
011414.json,C:\Users\crisz\Desktop\Prod-Thesis\DeepFashion2\validation\image\011414.jpg
011444.json,C:\Users\crisz\Desktop\Prod-Thesis\DeepFashion2\validation\image\011444.jpg
011488.json,C:\Users\crisz\Desktop\Prod-Thesis\DeepFashion2\validation\image\011488.jpg
011536.json,C:\Users\crisz\Desktop\Prod-Thesis\DeepFashion2\validation\image\011536.jpg
011947.json,C:\Users\crisz\Desktop\Prod-Thesis\DeepFashion2\validation\image\011947.jpg
011961.json,C:\Users\crisz\Desktop\Prod-Thesis\DeepFashion2\validation\image\011961.jpg
012292.json,C:\Users\crisz\Desktop\Prod-Thesis\DeepFashion2\validation\image\012292.jpg
012333.json,C:\Users\crisz\Desktop\Prod-Thesis\DeepFashion2\validation\image\012333.jpg
012388.json,C:\Users\crisz\Desktop\Prod-Thesis\DeepFashion2\validation\image\012388.jpg
012448.json,C:\Users\crisz\Desktop\Prod-Thesis\DeepFashion2\validation\image\012448.jpg
012454.json,C:\Users\crisz\Desktop\Prod-Thesis\DeepFashion2\validation\image\012454.jpg
012499.json,C:\Users\crisz\Desktop\Prod-Thesis\DeepFashion2\validation\image\012499.jpg
012546.json,C:\Users\crisz\Desktop\Prod-Thesis\DeepFashion2\validation\image\012546.jpg
012703.json,C:\Users\crisz\Desktop\Prod-Thesis\DeepFashion2\validation\image\012703.jpg
013016.json,C:\Users\crisz\Desktop\Prod-Thesis\DeepFashion2\validation\image\013016.jpg
013405.json,C:\Users\crisz\Desktop\Prod-Thesis\DeepFashion2\validation\image\013405.jpg
013406.json,C:\Users\crisz\Desktop\Prod-Thesis\DeepFashion2\validation\image\013406.jpg
013421.json,C:\Users\crisz\Desktop\Prod-Thesis\DeepFashion2\validation\image\013421.jpg
013479.json,C:\Users\crisz\Desktop\Prod-Thesis\DeepFashion2\validation\image\013479.jpg
013681.json,C:\Users\crisz\Desktop\Prod-Thesis\DeepFashion2\validation\image\013681.jpg
013703.json,C:\Users\crisz\Desktop\Prod-Thesis\DeepFashion2\validation\image\013703.jpg
013716.json,C:\Users\crisz\Desktop\Prod-Thesis\DeepFashion2\validation\image\013716.jpg
013867.json,C:\Users\crisz\Desktop\Prod-Thesis\DeepFashion2\validation\image\013867.jpg
013947.json,C:\Users\crisz\Desktop\Prod-Thesis\DeepFashion2\validation\image\013947.jpg
014030.json,C:\Users\crisz\Desktop\Prod-Thesis\DeepFashion2\validation\image\014030.jpg
014580.json,C:\Users\crisz\Desktop\Prod-Thesis\DeepFashion2\validation\image\014580.jpg
014612.json,C:\Users\crisz\Desktop\Prod-Thesis\DeepFashion2\validation\image\014612.jpg
014719.json,C:\Users\crisz\Desktop\Prod-Thesis\DeepFashion2\validation\image\014719.jpg
015066.json,C:\Users\crisz\Desktop\Prod-Thesis\DeepFashion2\validation\image\015066.jpg
015067.json,C:\Users\crisz\Desktop\Prod-Thesis\DeepFashion2\validation\image\015067.jpg
015357.json,C:\Users\crisz\Desktop\Prod-Thesis\DeepFashion2\validation\image\015357.jpg
015715.json,C:\Users\crisz\Desktop\Prod-Thesis\DeepFashion2\validation\image\015715.jpg
015919.json,C:\Users\crisz\Desktop\Prod-Thesis\DeepFashion2\validation\image\015919.jpg
015961.json,C:\Users\crisz\Desktop\Prod-Thesis\DeepFashion2\validation\image\015961.jpg
016373.json,C:\Users\crisz\Desktop\Prod-Thesis\DeepFashion2\validation\image\016373.jpg
016487.json,C:\Users\crisz\Desktop\Prod-Thesis\DeepFashion2\validation\image\016487.jpg
016656.json,C:\Users\crisz\Desktop\Prod-Thesis\DeepFashion2\validation\image\016656.jpg
016675.json,C:\Users\crisz\Desktop\Prod-Thesis\DeepFashion2\validation\image\016675.jpg
016915.json,C:\Users\crisz\Desktop\Prod-Thesis\DeepFashion2\validation\image\016915.jpg
016916.json,C:\Users\crisz\Desktop\Prod-Thesis\DeepFashion2\validation\image\016916.jpg
017027.json,C:\Users\crisz\Desktop\Prod-Thesis\DeepFashion2\validation\image\017027.jpg
017029.json,C:\Users\crisz\Desktop\Prod-Thesis\DeepFashion2\validation\image\017029.jpg
017031.json,C:\Users\crisz\Desktop\Prod-Thesis\DeepFashion2\validation\image\017031.jpg
017185.json,C:\Users\crisz\Desktop\Prod-Thesis\DeepFashion2\validation\image\017185.jpg
017433.json,C:\Users\crisz\Desktop\Prod-Thesis\DeepFashion2\validation\image\017433.jpg
017443.json,C:\Users\crisz\Desktop\Prod-Thesis\DeepFashion2\validation\image\017443.jpg
017445.json,C:\Users\crisz\Desktop\Prod-Thesis\DeepFashion2\validation\image\017445.jpg
017570.json,C:\Users\crisz\Desktop\Prod-Thesis\DeepFashion2\validation\image\017570.jpg
018032.json,C:\Users\crisz\Desktop\Prod-Thesis\DeepFashion2\validation\image\018032.jpg
018034.json,C:\Users\crisz\Desktop\Prod-Thesis\DeepFashion2\validation\image\018034.jpg
018201.json,C:\Users\crisz\Desktop\Prod-Thesis\DeepFashion2\validation\image\018201.jpg
018367.json,C:\Users\crisz\Desktop\Prod-Thesis\DeepFashion2\validation\image\018367.jpg
018368.json,C:\Users\crisz\Desktop\Prod-Thesis\DeepFashion2\validation\image\018368.jpg
018450.json,C:\Users\crisz\Desktop\Prod-Thesis\DeepFashion2\validation\image\018450.jpg
018664.json,C:\Users\crisz\Desktop\Prod-Thesis\DeepFashion2\validation\image\018664.jpg
018665.json,C:\Users\crisz\Desktop\Prod-Thesis\DeepFashion2\validation\image\018665.jpg
018694.json,C:\Users\crisz\Desktop\Prod-Thesis\DeepFashion2\validation\image\018694.jpg
019001.json,C:\Users\crisz\Desktop\Prod-Thesis\DeepFashion2\validation\image\019001.jpg
019004.json,C:\Users\crisz\Desktop\Prod-Thesis\DeepFashion2\validation\image\019004.jpg
019655.json,C:\Users\crisz\Desktop\Prod-Thesis\DeepFashion2\validation\image\019655.jpg
019662.json,C:\Users\crisz\Desktop\Prod-Thesis\DeepFashion2\validation\image\019662.jpg
019671.json,C:\Users\crisz\Desktop\Prod-Thesis\DeepFashion2\validation\image\019671.jpg
019891.json,C:\Users\crisz\Desktop\Prod-Thesis\DeepFashion2\validation\image\019891.jpg
020617.json,C:\Users\crisz\Desktop\Prod-Thesis\DeepFashion2\validation\image\020617.jpg
020628.json,C:\Users\crisz\Desktop\Prod-Thesis\DeepFashion2\validation\image\020628.jpg
020642.json,C:\Users\crisz\Desktop\Prod-Thesis\DeepFashion2\validation\image\020642.jpg
020651.json,C:\Users\crisz\Desktop\Prod-Thesis\DeepFashion2\validation\image\020651.jpg
020774.json,C:\Users\crisz\Desktop\Prod-Thesis\DeepFashion2\validation\image\020774.jpg
020792.json,C:\Users\crisz\Desktop\Prod-Thesis\DeepFashion2\validation\image\020792.jpg
020868.json,C:\Users\crisz\Desktop\Prod-Thesis\DeepFashion2\validation\image\020868.jpg
021295.json,C:\Users\crisz\Desktop\Prod-Thesis\DeepFashion2\validation\image\021295.jpg
021728.json,C:\Users\crisz\Desktop\Prod-Thesis\DeepFashion2\validation\image\021728.jpg
021765.json,C:\Users\crisz\Desktop\Prod-Thesis\DeepFashion2\validation\image\021765.jpg
022053.json,C:\Users\crisz\Desktop\Prod-Thesis\DeepFashion2\validation\image\022053.jpg
022229.json,C:\Users\crisz\Desktop\Prod-Thesis\DeepFashion2\validation\image\022229.jpg
022238.json,C:\Users\crisz\Desktop\Prod-Thesis\DeepFashion2\validation\image\022238.jpg
022273.json,C:\Users\crisz\Desktop\Prod-Thesis\DeepFashion2\validation\image\022273.jpg
022314.json,C:\Users\crisz\Desktop\Prod-Thesis\DeepFashion2\validation\image\022314.jpg
022677.json,C:\Users\crisz\Desktop\Prod-Thesis\DeepFashion2\validation\image\022677.jpg
022757.json,C:\Users\crisz\Desktop\Prod-Thesis\DeepFashion2\validation\image\022757.jpg
023248.json,C:\Users\crisz\Desktop\Prod-Thesis\DeepFashion2\validation\image\023248.jpg
023251.json,C:\Users\crisz\Desktop\Prod-Thesis\DeepFashion2\validation\image\023251.jpg
023402.json,C:\Users\crisz\Desktop\Prod-Thesis\DeepFashion2\validation\image\023402.jpg
023520.json,C:\Users\crisz\Desktop\Prod-Thesis\DeepFashion2\validation\image\023520.jpg
023998.json,C:\Users\crisz\Desktop\Prod-Thesis\DeepFashion2\validation\image\023998.jpg
024139.json,C:\Users\crisz\Desktop\Prod-Thesis\DeepFashion2\validation\image\024139.jpg
024332.json,C:\Users\crisz\Desktop\Prod-Thesis\DeepFashion2\validation\image\024332.jpg
024423.json,C:\Users\crisz\Desktop\Prod-Thesis\DeepFashion2\validation\image\024423.jpg
024526.json,C:\Users\crisz\Desktop\Prod-Thesis\DeepFashion2\validation\image\024526.jpg
024670.json,C:\Users\crisz\Desktop\Prod-Thesis\DeepFashion2\validation\image\024670.jpg
024905.json,C:\Users\crisz\Desktop\Prod-Thesis\DeepFashion2\validation\image\024905.jpg
024942.json,C:\Users\crisz\Desktop\Prod-Thesis\DeepFashion2\validation\image\024942.jpg
024979.json,C:\Users\crisz\Desktop\Prod-Thesis\DeepFashion2\validation\image\024979.jpg
025131.json,C:\Users\crisz\Desktop\Prod-Thesis\DeepFashion2\validation\image\025131.jpg
025288.json,C:\Users\crisz\Desktop\Prod-Thesis\DeepFashion2\validation\image\025288.jpg
025351.json,C:\Users\crisz\Desktop\Prod-Thesis\DeepFashion2\validation\image\025351.jpg
025714.json,C:\Users\crisz\Desktop\Prod-Thesis\DeepFashion2\validation\image\025714.jpg
025830.json,C:\Users\crisz\Desktop\Prod-Thesis\DeepFashion2\validation\image\025830.jpg
025929.json,C:\Users\crisz\Desktop\Prod-Thesis\DeepFashion2\validation\image\025929.jpg
025958.json,C:\Users\crisz\Desktop\Prod-Thesis\DeepFashion2\validation\image\025958.jpg
026000.json,C:\Users\crisz\Desktop\Prod-Thesis\DeepFashion2\validation\image\026000.jpg
026001.json,C:\Users\crisz\Desktop\Prod-Thesis\DeepFashion2\validation\image\026001.jpg
026271.json,C:\Users\crisz\Desktop\Prod-Thesis\DeepFashion2\validation\image\026271.jpg
026636.json,C:\Users\crisz\Desktop\Prod-Thesis\DeepFashion2\validation\image\026636.jpg
026727.json,C:\Users\crisz\Desktop\Prod-Thesis\DeepFashion2\validation\image\026727.jpg
027537.json,C:\Users\crisz\Desktop\Prod-Thesis\DeepFashion2\validation\image\027537.jpg
027573.json,C:\Users\crisz\Desktop\Prod-Thesis\DeepFashion2\validation\image\027573.jpg
027580.json,C:\Users\crisz\Desktop\Prod-Thesis\DeepFashion2\validation\image\027580.jpg
027650.json,C:\Users\crisz\Desktop\Prod-Thesis\DeepFashion2\validation\image\027650.jpg
027680.json,C:\Users\crisz\Desktop\Prod-Thesis\DeepFashion2\validation\image\027680.jpg
027683.json,C:\Users\crisz\Desktop\Prod-Thesis\DeepFashion2\validation\image\027683.jpg
027739.json,C:\Users\crisz\Desktop\Prod-Thesis\DeepFashion2\validation\image\027739.jpg
027790.json,C:\Users\crisz\Desktop\Prod-Thesis\DeepFashion2\validation\image\027790.jpg
028015.json,C:\Users\crisz\Desktop\Prod-Thesis\DeepFashion2\validation\image\028015.jpg
028028.json,C:\Users\crisz\Desktop\Prod-Thesis\DeepFashion2\validation\image\028028.jpg
028360.json,C:\Users\crisz\Desktop\Prod-Thesis\DeepFashion2\validation\image\028360.jpg
028436.json,C:\Users\crisz\Desktop\Prod-Thesis\DeepFashion2\validation\image\028436.jpg
028467.json,C:\Users\crisz\Desktop\Prod-Thesis\DeepFashion2\validation\image\028467.jpg
029223.json,C:\Users\crisz\Desktop\Prod-Thesis\DeepFashion2\validation\image\029223.jpg
029382.json,C:\Users\crisz\Desktop\Prod-Thesis\DeepFashion2\validation\image\029382.jpg
029640.json,C:\Users\crisz\Desktop\Prod-Thesis\DeepFashion2\validation\image\029640.jpg
030129.json,C:\Users\crisz\Desktop\Prod-Thesis\DeepFashion2\validation\image\030129.jpg
030200.json,C:\Users\crisz\Desktop\Prod-Thesis\DeepFashion2\validation\image\030200.jpg
030202.json,C:\Users\crisz\Desktop\Prod-Thesis\DeepFashion2\validation\image\030202.jpg
030237.json,C:\Users\crisz\Desktop\Prod-Thesis\DeepFashion2\validation\image\030237.jpg
030242.json,C:\Users\crisz\Desktop\Prod-Thesis\DeepFashion2\validation\image\030242.jpg
030620.json,C:\Users\crisz\Desktop\Prod-Thesis\DeepFashion2\validation\image\030620.jpg
030639.json,C:\Users\crisz\Desktop\Prod-Thesis\DeepFashion2\validation\image\030639.jpg
030898.json,C:\Users\crisz\Desktop\Prod-Thesis\DeepFashion2\validation\image\030898.jpg
030910.json,C:\Users\crisz\Desktop\Prod-Thesis\DeepFashion2\validation\image\030910.jpg
030919.json,C:\Users\crisz\Desktop\Prod-Thesis\DeepFashion2\validation\image\030919.jpg
030990.json,C:\Users\crisz\Desktop\Prod-Thesis\DeepFashion2\validation\image\030990.jpg
031101.json,C:\Users\crisz\Desktop\Prod-Thesis\DeepFashion2\validation\image\031101.jpg
031203.json,C:\Users\crisz\Desktop\Prod-Thesis\DeepFashion2\validation\image\031203.jpg
031207.json,C:\Users\crisz\Desktop\Prod-Thesis\DeepFashion2\validation\image\031207.jpg
031415.json,C:\Users\crisz\Desktop\Prod-Thesis\DeepFashion2\validation\image\031415.jpg
031637.json,C:\Users\crisz\Desktop\Prod-Thesis\DeepFashion2\validation\image\031637.jpg
031639.json,C:\Users\crisz\Desktop\Prod-Thesis\DeepFashion2\validation\image\031639.jpg
031750.json,C:\Users\crisz\Desktop\Prod-Thesis\DeepFashion2\validation\image\031750.jpg
032010.json,C:\Users\crisz\Desktop\Prod-Thesis\DeepFashion2\validation\image\032010.jpg
032084.json,C:\Users\crisz\Desktop\Prod-Thesis\DeepFashion2\validation\image\032084.jpg